DROP TABLE IF EXISTS "Restaurant";
DROP TABLE IF EXISTS "Item";
DROP TABLE IF EXISTS "Type";
DROP TABLE IF EXISTS "Menu";

CREATE TABLE "Restaurant"(
	"pkRestaurant" INTEGER NOT NULL PRIMARY KEY AUTOINCREMENT,
	"name" TEXT DEFAULT "New Restaurant",
	"location" TEXT,
	"fkType" INTEGER DEFAULT 1,
	FOREIGN KEY(fkType) REFERENCES Type(pkType)
);

CREATE TABLE "Item"(
	"pkItem" INTEGER NOT NULL PRIMARY KEY AUTOINCREMENT,
	"name" TEXT DEFAULT "New Item",
	"fkRestaurant" INTEGER,
	"fkMenu" INTEGER DEFAULT 1,
	"price" TEXT,
	"description" TEXT,
	FOREIGN KEY(fkRestaurant) REFERENCES Restaurant(pkRestaurant) ON UPDATE CASCADE,
	FOREIGN KEY(fkMenu) REFERENCES Menu(pkMenu)
);

CREATE TABLE "Type"(
	"pkType" INTEGER NOT NULL PRIMARY KEY AUTOINCREMENT,
	"name" TEXT DEFAULT "New Type"
);

CREATE TABLE "Menu"(
	"pkMenu" INTEGER NOT NULL PRIMARY KEY AUTOINCREMENT,
	"name" TEXT DEFAULT "New Menu"
);

INSERT INTO "Menu" VALUES (1,"Breakfast");
INSERT INTO "Menu" VALUES (2,"Lunch");
INSERT INTO "Menu" VALUES (3,"Dinner");

INSERT INTO "Type" VALUES (1,"Fast Food");
INSERT INTO "Type" VALUES (2,"Fine Dining");
INSERT INTO "Type" VALUES (3,"Hole in the wall");
INSERT INTO "Type" VALUES (4,"Chinese Food");

INSERT INTO "Restaurant" VALUES (1,"McDonalds","Seatle WA",1);
INSERT INTO "Item" VALUES (1,"Hamburger",1,2,"$4.99","Not flame broiled");
INSERT INTO "Item" VALUES (2,"Cheeseburger",1,2,"$5.99","With or without pickles");
INSERT INTO "Item" VALUES (3,"Big Breakfast",1,1,"$6.99","Your choice of bacon or sausage");

INSERT INTO "Restaurant" VALUES (2,"Chopstix","Cleveland OH",4);
INSERT INTO "Item" VALUES (4,"General Tso",2,3,"$7.99","Our best seller!");
INSERT INTO "Item" VALUES (5,"Teriaki Chicken",2,3,"$5.99","Comes on a stick");
INSERT INTO "Item" VALUES (6,"Sticky Rice",2,2,"$6.99","Our only lunch option, sorry!");

INSERT INTO "Restaurant" VALUES (3,"Jimbos","Lexington KY",3);
INSERT INTO "Item" VALUES (7,"Breakfast Pizza",3,1,"$11.99","Pizza in the morning");
INSERT INTO "Item" VALUES (8,"Lunch Pizza",3,3,"$12.99","Pizza at noon");
INSERT INTO "Item" VALUES (9,"Dinner Pizza",3,3,"$16.99","Whatever we did not sell earlier in the day");
